title,authors,desc, link,price
"Pakiet Dieta warzywno-owocowa dr Ewy Dąbrowskiej","[Beata Anna Dąbrowska,Paulina Borkowska]","Trzy kroki do sukcesu w wyjątkowym zestawie trzech bestsellerów dietetycznych:   Dieta warzywno-owocowa dr Ewy Dąbrowskiej. Przepisy,  Dieta warzywno-owocowa dr Ewy Dąbrowskiej. Przepisy na wychodzenie,   Dieta warzywno-owocowa dr Ewy Dąbrowskiej® i co dalej.

 Z kultową dietą warzywno-owocową dr Ewy Dąbrowskiej:   odkryjesz życiodajną moc smacznych potraw,  odbudujesz dobrą kondycję Twojego organizmu,  poprawisz wygląd swojej skóry,  zwalczysz uczucie zmęczenia,  ograniczysz infekcje i zwiększysz odporność.

 Zachowaj efekty diety warzywno-owocowej dr Ewy Dąbrowskiej do końca życia! Czytając tę książkę, poznasz:   5 filarów zdrowego odżywiania, które staną się podstawą Twojej diety,  powody, dla których nie możesz schudnąć i pozbyć się problemów ze zdrowiem,  ""tajemne"" metody dietetyków przedstawione w czytelny sposób,  reguły prawidłowego i świadomego komponowania posiłków,  zasady efektywnej aktywności fizycznej.

 Jedyna na rynku książka zawierająca zbiór przepisów na prawidłowe i zdrowe wyjście z diety warzywno-owocowej dr Ewy Dąbrowskiej! Znajdziesz w niej:   etapy wychodzenia z postu – pełny program w jednym miejscu,  115 doskonałych przepisów zgodnych z protokołem wyjścia z diety,  listę produktów i przykładowe zestawy menu,  porady dietetyczne i triki na właściwe odmierzanie składników i porcji posiłków.                                          ",media/5ef53c020c68c.jpg,"57,75"
"Reset. Świat na nowo - książka z autografem","[Karolina Korwin Piotrowska]","                                     Tylko u nas! Książka z odręcznym podpisem autorki. 
  
  
  Czy to już koniec? A może nowy początek?
  
  Dobrze już było. Teraz będzie reset!
  
  Pandemia, lęk, bankructwo, cisza, paraliż, fake news, bunt. Tak większość z nas zapamięta 2020 r. Świat wstrzymał oddech i zastygł w niepewności. A koronawirus, który był sprawcą tego zatrzymania, zmusił nas do zastanowienia się nad życiem. Czy świata w nim nie było za dużo, odwołując się do Olgi Tokarczuk? Być może zbytnio namnożyliśmy go w pogoni za pieniędzmi i wrażeniami.
  
  Co jest dla nas tak naprawdę ważne? Na czym się skupiamy? Kogo słuchamy? Po prostu, dokąd zmierzamy?
  
  Karolina Korwin Piotrowska zaprosiła do rozmowy dziennikarzy i artystów, znawców kultury i ludzkiej duszy, analityków i inżynierów przyszłości, a także tych, którzy na co dzień ratują nasze życie.
  
  Magdalena Boczarska, Tomasz Sekielski, Natalia Kukulska, Michał Rusinek, Sylwia Chutnik, Janek Świtała, Olga Chajdas, Michał Nogaś, Jagoda Szelc, Anna Pięta, Michał Zaczyński, Magdalena Górka, Natalia Hatalska, Stefan Batory, Natalia de Barbaro, Natasza Kosakowska-Berezecka
  
  Świat potrzebuje nowego początku. Tylko jak on będzie wyglądał?
  
  Chciałam zadać wiele prostych pytań, uważnie słuchać znacznie mądrzejszych i bardziej doświadczonych, chciałam porozmawiać o tym, co nadchodzi. O tym, jacy z tego, co nas spotkało wyszliśmy, co nas czeka, co zmieni się w życiu naszym i kolejnych pokoleń, i czy to będzie zmiana na lepsze.
  
  Karolina Korwin Piotrowska
  
  Książka z autografem.                                 ",media/600e891470dbc.jpg,"34,99"
"Psychologia sprzedaży. Podnieś sprzedaż szybciej i łatwiej niż kiedykolwiek uznawałeś za możliwe","[Brian Tracy]","                                     „Psychologia sprzedaży” to obowiązkowa książka dla każdego handlowca, menedżera oraz marketingowca! Brian Tracy, jeden z najbardziej znanych mówców motywacyjnych na świecie, przygotował sprawdzone wskazówki na skuteczne podniesienie poziomu sprzedaży i tym samym wytyczył prostą drogę do osiągnięcia sukcesu.  
  
  Dzięki przełomowej książce zatytułowanej „Psychologia sprzedaży” nauczysz się sprzedawać produkty znacznie efektywniej. Cennych porad na ten temat udzielą ci największe autorytety w branży! Ich sekret tkwi w odkryciu mechanizmów rządzących ludzkim myśleniem, poznaniu utartych schematów i motywów kupowania, a także w odpowiednim dobieraniu zabójczo skutecznych technik sprzedaży oraz perswazji. Wszystkie te elementy składają się na całą psychologię sprzedaży, której zrozumienie jest gwarancją osiągnięcia sukcesu.  
  
  W poradniku pod tytułem „Psychologia sprzedaży” czytelnicy odnajdą wiele praktycznych metod oraz sprawdzonych technik sprzedaży. W swojej publikacji autor zawarł również warsztatowe „Działania do przećwiczenia” umożliwiające lepsze przyswojenie zaprezentowanych treści.  Jak przekonuje Brian Tracy, nie istnieje krótsza droga do sukcesu od wdrożenia prostych zasad psychologii sprzedaży. 
  
  Brian Tracy to urodzony w 1944 roku w kanadyjskim Vancouver ekspert w zakresie rozwoju osobistego i psychologii sukcesu, a także pisarz, mówca motywacyjny oraz uznany handlowiec.  Jest on autorem blisko osiemdziesięciu książek oraz e-booków. Wiele spośród nich cieszy się ogromną popularnością na całym świecie. Twórczość Briana Tracy’ego jest tłumaczona na kilkanaście języków. Ponadto Kanadyjczyk prowadzi również własną firmę zajmującą się organizacją szkoleń z rozwoju osobistego.                                 ",media/56bcec59a856f.jpg,"28,39"
Afekt,"[Remigiusz Mróz]","                                     W nowej kancelarii prawnej Joannie Chyłce zostaje przydzielona sprawa będąca jej zawodowym koszmarem: ma bronić pedofila. Sytuację komplikuje fakt, że oskarżonym jest brat jednego z najważniejszych polityków w Polsce - kandydata na prezydenta, który przed wyborami przoduje w sondażach. Sprawa skupia na sobie uwagę wszystkich mediów, gdyż jej finał przesądzi nie tylko o losie oskarżonego, ale najprawdopodobniej także o wyniku wyborów.
  
  Życie zawodowe Chyłki komplikuje się coraz bardziej, ale to nie koniec problemów. Prawdziwe zaczną się, kiedy w życiu Kordiana pojawi się pewna dziewczyna z jego przeszłości...                                 ",media/6046495967ac5.jpg,"26,08"
Chamstwo,"[Kacper Pobłocki]","„Hasłem naszym mizeria, okryciem nędza, napojem łzy”. Myśląc o historii niewolnictwa, niejednokrotnie nie pamiętamy o historii polskich chłopów i chłopek. Ale jak inaczej nazwać ich darmową pracę pod ciągłą groźbą kary cielesnej? Jedynie dzięki dokładnemu przyjrzeniu się tej przemilczanej historii możemy zrozumieć istotę strategii przetrwania w systemie pańszczyzny. Dopiero wtedy możemy również dostrzec nić łączącą niewolniczą pracę na polskim dworze z służebną formą naszych współczesnych form zatrudnienia. Bo to nie rewolucja przemysłowa, tylko folwarczny przemysł okrucieństwa stanowił prolog do współczesności.

 Antropolog Kacper Pobłocki w błyskotliwym i erudycyjnym Chamstwie rzuca nowe światło na zmitologizowaną opowieść o czasach Rzeczpospolitej szlacheckiej. Nie boi się stawiać trudnych pytań dotyczących chłopskiego niewolnictwa, obrazowo ukazuje krwawą przemoc panów i odważnie kreśli historię polskiego patriarchatu, dowodząc, że w tym splocie klasowych podziałów, okrucieństwa i wyzysku zaklęta jest nasza „ojczyzna pańszczyzna”.

 „„Chamstwo” jest gruntownym, rewelatorskim studium pańszczyźnianego świata. Proponuje inną opowieść o naszych narodowych mitologiach, o polskich „przeklętych problemach”, gdyż oddaje głos tym, których nazywano Wielkimi Niemowami, bo mieli uszy wyłącznie „ku słuchaniu” – pańszczyźnianym chłopom. Kacper Pobłocki wywołuje klisze, często drastyczne, które przez stulecia pozostawały w ciemni oficjalnej historii. „Chamstwo” jest dziełem otwierającym nowy dyskurs o „pańskości” i „chłopskości”, o społecznych rodowodach i tożsamości kulturowej Polaków oraz o tym, komu wciąż „słoma wyłazi z butów”.” prof. Roch Sulima                                         ",media/606c5e35debba.jpg,"31,28"
"Modlę się ze Świętym Józefem. Najpiękniejsze modlitwy","[Hubert Wołącwicz]","                                     Nabożeństwo jakie mamy do św. Józefa jest kontynuacją czci, z jaką traktował swojego opiekuna sam Jezus” (św. Jan Paweł II, Redemptoris Custos). Niniejsza publikacja zawiera:• Modlitwy do Świętego Józefa: akty oddania i ofiarowania, litanie, prośby w różnych intencjach.• Modlitwy wielu świętych do Oblubieńca Najświętszej Maryi Panny.• Nabożeństwa do Świętego Józefa: nowenny, Różaniec św. Józefa, Aktyst ku czci oblubieńca Najświętszej Maryi Panny, Koronka ku czci św. Józefa, Godzinki o Świętym Józefie i inne.• Wybór pieśni ku czci Świętego Józefa.• Warunki uzyskania odpustu zupełnego w Roku Świętego Józefa.                                 ",media/6021479490df1.jpg,"8,82"
"Nowy Testament Dla Młodych Biblia Tysiąclecia","[Opracowanie zbiorowe]","""Nowy Testament dla młodych to kolejna odsłona bestsellerowego wydania Pisma Świętego dla młodych, potocznie nazywanego „Biblią z papugą”.

 Edycja przygotowana specjalnie dla młodych czytelników. Tekst Nowego Testamentu, w najbardziej cenionym pallotyńskim tłumaczeniu, połączono z najpopularniejszą na świecie edycją dla dzieci i młodzieży. Grafiki, komentarze, objaśnienia, ciekawostki, didaskalia, przygodowa stylizacja, kolorowe mapy i wiele innych elementów przygotowano po to, by młody czytelnik ze zrozumieniem i w pełni świadomie korzystał z dobrodziejstw Słowa Bożego.

 Jest to doskonałe narzędzie ewangelizacyjne i wspaniała pomoc dydaktyczna dla księży, katechetów, rodziców oraz wszystkich, którym zależy, aby młodzi ludzie czerpali z wartości płynących z Ewangelii.                                         ",media/5bb3a6e78bc03.jpg,"24,63"
"Jak ocalić świat od katastrofy klimatycznej. Rozwiązania, które już mamy, zmiany, jakich potrzebujemy.","[Bill Gates]","Według Bila Gates’a tylko zatrzymanie emisji gazów cieplarnianych może uratować świat przed katastrofą. Oto jego plan i wezwanie do działania.

 Ta książka to owoc dziesięciu lat badań nad przyczynami i skutkami zmian klimatycznych. Bill Gates w poszukiwania sposobów na powstrzymanie katastrofy ekologicznej zaangażował ekspertów w dziedzinach fizyki, chemii, biologii, inżynierii, politologii i finansów. Wniosek z ich badań jest jeden: musimy dążyć do zredukowania emisji gazów cieplarnianych, do zera! Jak tego dokonać? Bill Gates, specjalista od urzeczywistniania nowych idei, przede wszystkim przedstawia konkretny i praktyczny plan działania, wskazuje obszary, w których technologia już dziś pomaga ograniczać emisję gazów, wyjaśnia jak znane dziś technologie mogą być bardziej efektywne i gdzie niezbędne są nowe rozwiązania oraz kto już pracuje nad koniecznymi innowacjami. Proponuje strategie dla państw, ale i sposoby, w jakie obywatele mogą rozliczać rządy, pracodawców i siebie samych z postępów w tym projekcie kluczowym dla ratowania planety.

 Ludzkość jeszcze nigdy nie dokonała niczego na tak wielką skalę, dlatego każde państwo musi zmienić sposób działania, bo każda czynność we współczesnym świecie – uprawa roślin, produkcja, przemieszczanie się – wiąże się z emisją gazów cieplarnianych. Jeśli nie podejmiemy tego wysiłku, klimat będzie ulegał coraz większym przemianom, najprawdopodobniej katastrofalnym dla ludzkości. Jeszcze możemy temu zaradzić. Już dysponujemy niektórymi niezbędnymi do tego narzędziami, a wszystko, czego nauczyłem się o klimacie i technologii napawa mnie nadzieją, że jesteśmy w stanie wynaleźć i zastosować również te, których jeszcze nie mamy. Jeśli się pospieszymy, mamy szanse uniknąć katastrofy klimatycznej. Ta książka mówi o tym, jak to zrobić i dlaczego uważam, że może nam się to udać.

 —BILL GATES

 BILL GATES jest ekspertem w dziedzinie technologii, liderem świata biznesu i filantropem. W roku 1975, wraz z przyjacielem z dzieciństwa Paulem Allenem, założył firmę Microsoft; dziś Gates i jego żona Melinda wspólnie prowadzą Fundację Billa &amp; Melindy Gates. Założył też spółkę Breakthrough Energy, mającą na celu skomercjalizowanie czystej energii i innych technologii związanych z ratowaniem klimatu. Bill i Melinda Gates mają troje dzieci i mieszkają w Medina w stanie Washington. </b>                                          ",media/600169b75958b.jpg,"29,65"
"Ziemia obiecana","[Barack Obama]","We wspomnieniach z czasu prezydentury Barack Obama przedstawia dzieje nieprawdopodobnej przemiany młodego, poszukującego własnej tożsamości człowieka w przywódcę wolnego świata. Ukazuje zarówno swoje polityczne dojrzewanie, jak i przełomowe momenty pierwszej kadencji swojej prezydentury, przypadającej na czasy dramatycznych zmian i zawirowań.

 Barack Obama zaprasza czytelników do Gabinetu Owalnego i Sali Sytuacyjnej Białego Domu oraz zabiera ich w podróż do Moskwy, Kairu, Pekinu i wielu innych miejsc. Poznajemy tok jego myślenia, gdy organizuje swój gabinet, zmaga się z globalnym kryzysem finansowym i mierzy z Władimirem Putinem, spiera się z generałami o amerykańską strategię w Afganistanie, podpisuje reformę Wall Street, reaguje na niszczycielską eksplozję platformy wiertniczej Deepwater Horizon i zezwala na przeprowadzenie operacji Trójząb Neptuna, w której ginie Osama bin Laden.

 To niezwykle osobista i autorefleksyjna opowieść o człowieku, który założył się z historią – zaangażowanym animatorze społecznym poddanym próbie światowej polityki. Obama otwarcie pisze o siłach, które w kraju i za granicą stały mu na drodze, oraz o tym, jak życie w Białym Domu wpłynęło na jego żonę i córki. Nie obawia się mówić o wahaniach i rozczarowaniach, jednak nigdy nie wątpi w słuszność swojego przekonania, że w ramach wielkiego, amerykańskiego eksperymentu zawsze możliwy jest postęp. Były prezydent Stanów Zjednoczonych przypomina, że demokracja nie jest darem z niebios – trzeba ją dzień po dniu wspólnie budować na fundamencie empatii i porozumienia.                                           ",media/5ff4ab89e36dc.jpg,"42,84"
"Wino, praktyczny poradnik Wine Folly","[Madeline Puckette,Justin Hammack]","                                     Biblia dla każdego miłośnika wina! 
  
  Winefolly.com to nagradzana wieloma prestiżowymi nagrodami strona internetowa poświęcona wartościowej wiedzy na temat wina. Portal ma dziesiątki tysięcy oddanych wielbicieli na całym świecie (również w Polsce) zarówno wśród winiarskich debiutantów jak i koneserów. 
  Autorzy tego słynnego serwisu, Madeline Puckette i Justin Hammack postanowili stworzyć książkową wersję winefolly.com Dzięki temu powstał przystępny, nowoczesny poradnik, zawierający jasne i czytelne informacje w formie przejrzystych wizualizacji i grafiki. Prosto, zrozumiale i na temat! Bez zbędnego zadęcia i snobizmu. 
  Autorzy w przystępny sposób przekazują, czasem niełatwą, wiedzę na tematy: degustacji wina, rozpoznawania jego jakości, właściwych wyborów (również tych na każdą okazję), sposobów wyszukiwania win. Ta książka pozwala poruszać się wśród wielkich win i trudnych winiarskich tematów, swobodnie i z humorem. 
  To prawdziwy winiarski nawigator – jak nazwał tę książkę, znany profesor enologii University of California, dr Andrew L. Waterhouse – dla nowicjuszy i profesjonalistów. 
  
  W skrócie, sięgając po ten poradnik, znajdziecie:
  
  • najważniejsze informacje o winie
  • profile najpopularniejszych win oraz tych, które dopiero stają się modne
  • informacje jak łączyć wina z potrawami
  • prezentacje regionów winiarskich z ich szczegółowymi mapami
  • porady dla poszukiwaczy-odkrywców win i regionów powszechnie niedocenianych. 
  
  Wino. Praktyczny poradnik. Wine Folly nie przypadkiem określany jest już biblią dla każdego miłośnika wina! 
  
  Wino to przyjemność. Jest złożone, pociągające, wieloznaczne. Powinno stać się częścią naszego życia tak jak ta książka... 
  Goeff Kruth, Master Sommleier, prezydent Guilsomm.com
  
  Winiarski nawigator, który pomaga aspirującym miłośnikom wina poruszać się w świecie wina, regionów jego pochodzenia i sztuki degustacji. 
  Dr Andrew L.Waterhouse, profesor enologii, Univesrity of California. 
  
  Porażająco precyzyjny poradnik winiarski, krojony na miarę współczesnej ery nowych technologii i komunikacji wizualnej ostrzem ciętym niczym szabla do sabrage. 
  Mark Oldman, autor Oldman’s Guide to Outsmarting Wine
  
  Madeline Puckette – sommelier certyfikowana przez Court od Master Sommeliers. Jej wcześniejsze doświadczenia w dziedzinie grafiki i designu wpłynęły na wizualną formę oraz zawartość winefolly.com. Projekty Madeline były wykorzystywane przez takie organizacje jak: Wines of France, Court of Master Sommmeliers i Guild of Sommeliers. W 2013 roku strona winefolly.com została wyróżniona tytułem Bloggera Roku przez International Wine & Spirit Competition. 
  
  Justin Hammack – współzałożyciel winefolly.com. Na co dzień rozwija strategię biznesową portalu, zajmuje się doskonaleniem jego technologii oraz profilowaniem zawartości merytorycznej strony.                                 ",media/581b40bc65d08.jpg,"33,26"
"Pięć dysfunkcji pracy zespołowej","[Patrick Lencioni]","                                     „Pięć dysfunkcji pracy zespołowej” Patricka Lencioniego już od kilkunastu lat cieszy się statusem bestsellera i zaufaniem menedżerów na całym świecie. Nic dziwnego – publikacja ta to lektura obowiązkowa dla każdego, kto w swojej pracy zawodowej przewodzi zespołowi ludzi i pragnie dowiedzieć się, na czym polega skuteczne przywództwo. Teraz i Ty możesz zbudować zespół złożony z ludzi zaangażowanych w swoją pracę, darzących się nawzajem zaufaniem i wspólnie dążących do jednego, spójnego celu!
  
  W swojej popularnej książce Patrick Lencioni roztacza przed swoimi czytelnikami opowieść – w zasadzie bajkę – w której motywem przewodnim jest przywództwo. Kathryn Petersen od niedawna sprawuje funkcję dyrektora generalnego firmy działającej pod szyldem DecisionTech. Kobieta staje przed niezwykle trudnym zadaniem, a to, jak się z niego wywiąże, zaważy na przyszłości całej organizacji. Kathryn musi bowiem w jakiś sposób doprowadzić do pojednania zespołu i zażegnania kryzysu, który całkowicie dezorganizuje pracę firmy. Lencioni przeprowadza swojego czytelnika przez wciągającą, angażującą, ale jednocześnie bardzo pouczającą opowieść, z której dowie się on, czy Kathryn osiągnie sukces i poprawi stosunki panujące między pracownikami, czy przeciwnie – odniesie porażkę i będzie zmuszona pożegnać się ze swoim stanowiskiem. Wyzwanie, któremu musi stawić czoła, okaże się trudniejsze niż jakiekolwiek inne zadanie, z jakim miała do czynienia w swojej wieloletniej karierze zawodowej.
  
  Między wierszami historii o DecisionTech Patrick Lencioni przeplata rady i wskazówki, które okażą się niezbędnym orężem w codziennych zmaganiach niejednego przywódcy i menedżera. Autor udowadnia, że stawać na czele zespołu ludzi może jedynie osoba, której nie brak zarówno odwagi, jak i sprytu oraz intuicji. Na tle opowieści Lencioni przedstawia tytułowych pięć dysfunkcji pracy zespołowej. Opracował ich wizualizację w postaci piramidy, w której każdy element ma wpływ na wszystkie pozostałe. Z bestsellerowej książki amerykańskiego specjalisty w zakresie zarządzania zespołem czytelnik dowie się, jak destrukcyjny wpływ na pracę zespołową mają brak zaufania pomiędzy członkami grupy, ich obawa przed wywołaniem konfliktu, brak zaangażowania w planowanie i realizację projektów, ich tendencja do unikania wzięcia na siebie odpowiedzialności za powierzone zadania, a także brak dbałości o efekt końcowy i wyniki całego zespołu.
  
  „Pięć dysfunkcji pracy zespołowej” to prawdziwa kopalnia bezcennej wiedzy, zarówno dla osób, które w swojej pracy sprawują pieczę nad zespołem ludzi, ale także dla osób zawodowo zajmujących się doradztwem i coachingiem biznesowym. Autor prezentuje w niej podzielony na etapy plan działań oraz przydatne techniki, które należy zastosować w swojej organizacji, by rozwiązać wszystkie swoje problemy, pokonać piętrzące się przeszkody i zbudować wokół siebie zespół ludzi, którzy są zmotywowani, darzą się nawzajem zaufaniem i wspólnie dążą do osiągnięcia tych samych celów. Dzięki temu, że Patrick Lencioni, w przeciwieństwie do autorów większości poradników o podobnej tematyce, przedstawił swoje wskazówki w formie ciekawego opowiadania o wciągającej akcji i fabule, są one zrozumiałe, łatwo przyswajalne i bez trudu trafią do każdego.                                 ",media/57c6bd9cb1f31.jpg?v1,"23,50"
"Nowy Jork. Od Mannahatty do Ground Zero","[Magdalena Rittenhouse]","Czy holenderscy osadnicy naprawdę kupili Manhattan od Indian za garść paciorków? Czemu budową Brooklińskiego Mostu kierowała kobieta bez inżynieryjnego wykształcenia? Co późną nocą robiła grupa bankierów uwięzionych w bibliotece pełnej drogocennych rękopisów? Magdalena Rittenhouse odpowiada na te pytania błyskotliwie i z pasją łącząc reporterską rzetelność z dociekliwością miłośnika historii i miejskiego przewodnika. Pisze o współczesnych reklamach przy Times Square i o legendarnym założycielu „New Yorkera”, po trosze hipisie, a po trosze chasydzie; opowiada o wielkich transakcjach finansowych i najdroższych sukienkach, których prototypy powstają w kuchenkach mikrofalowych. Spacerując po mieście, przemieszcza się w przestrzeni i czasie i układa ze swych opowieści wielobarwny kolaż. Efektem jest książka, która zaprasza do wędrówki po tym fascynującym, mitycznym i wciąż nieznanym mieście.

 „Próba opisania tego miasta to zadanie karkołomne. Albo bardzo łatwe: cokolwiek powiedzieć – będzie prawdą. Chaos i energia, megalomania i frustracja, forsa i bieda, okrucieństwo i ekstaza, neuroza i schizofrenia — można ciągnąć w nieskończoność... Można też zaufać Magdalenie Rittenhouse, która po Nowym Jorku wędruje swoim szlakiem, w czasie i przestrzeni. I zrozumieć fenomen krótkiej uliczki o nazwie Wall Street czy dawnego indiańskiego szlaku zwanego Broadway. To książka napisana z erudycją i wielką czułością.” Ewa Winnicka

 „Rittenhouse prowadzi nas po tajemnych zakamarkach Nowego Jorku. Dostarcza nam również klucza do nowego poznania najbardziej opatrzonych miejsc tej metropolii. Myśleliście, że znacie Nowy Jork? Po lekturze tej książki zrozumiecie, jak bardzo się myliliście.” Piotr Mucharski                                         ",media/602bd30885590.jpg,"28,50"
"Umysł milionera","[Dawid Piątkowski]","                                     Zbuduj świadomie wymarzoną wolność i niezależność finansową. Odkrywając tajniki zdobywania ogromnego kapitału na start, błyskawicznie wcielisz najambitniejsze wizje w rzeczywistość. Dokonaj tego dla rodziny, w imię pasji lub realizacji marzeń. Bez ryzyka, nie ma zwycięstwa. To niebezpieczna książka, która da Ci dostęp do setek tysięcy, a nawet milionów złotych na start. Zero lania wody, sama praktyczna wiedza. Sekrety multimilionerów: Jak przygotować się do sukcesu finansowego? Jak pozyskać miliony złotych na start i rozwój firmy? Jak zamienić pasję w dochodowy biznes? Jak budować wolność i niezależność finansową?Poznaj kontrowersyjne tajemnice sukcesu finansowego autora. Zaczynając od zera pozyskał setki tysięcy, którymi w cztery lata zbudował majątek wart kilkanaście milionów złotych.                                 ",media/5cb0171071566.jpg,"38,02"
Modlitewnik,[Arti],"                                     Modlitewnik                                 ",media/5e114f70eb1ef.jpg,"7,97"
Nabór,"[Vincent V. Severski]","                                     ""Nabór"" to ostatnia część trylogii zapoczątkowanej przez ""Zamęt"" i ""Odwet"", w której łączą się wątki i powracają bohaterowie tetralogii ""Nielegalni"".
  
  Rośnie napięcie między Iranem i USA, świat stoi na progu wielkiej wojny. W Polsce do władzy wrócił autorytarny premier Bolecki, Sekcja została rozwiązana, a prokuratura szuka haków na Romana Leskiego.
  
  Tymczasem Dima uzyskuje z Rosji informację, która elektryzuje Konrada Wolskiego i Sarę Korską. Dawny Wydział Q i rozwiązana Sekcja łączą siły, by rozwiązać ten problem. Wraca Jagan i Misza Popowski.
  
  Zaczyna się wyścig z czasem, bo sytuacja międzynarodowa pogarsza się z każdym dniem.                                 ",media/601d460cd7dd9.jpg,"33,45"
"Dieta warzywno-owocowa dr Ewy Dąbrowskiej. Program na 6 tygodni. Nowe przepisy","[Beata Anna Dąbrowska,Paulina Borkowska]","                                     Nie masz czasu na układanie diet?
  Komponowanie posiłków i liczenie kalorii jest zdecydowanie zbyt skomplikowane?
  
  Sięgnij po gotowe rozwiązanie dr Ewy Dąbrowskiej. 
  
  Planer, który trzymasz w rękach, to sprawdzony sposób pozwalający zmienić na zawsze sposób odżywiania. Znajdziesz w nim:
  
  • 6-tygodniowy plan diety: 4 dni przygotowania, 10 dni diety warzywno-owocowej, 2 tygodnie wychodzenia i 2 tygodnie stabilizacji,
  • ponad 30 nowych przepisów,
  • praktyczne porady i ilustracje,
  • tabele – miary postępów,
  • miejsce na notatki.                                 ",media/5c58393c8401f.jpg,"19,21"
"Jak zdobyć przyjaciół i zjednać sobie ludzi","[Dale Carnegie]","                                     Sekretem sukcesu tej książki jest jej prostota. Każda rada w niej zawarta wydaje nam się oczywista. Wiedza o życiu, człowiecza mądrość tkwi w naszej podświadomości. Sztuką jest wydobycie tej mądrości i zastosowanie w działaniu. Niewielu to potrafi. Carnegie tak. Po mistrzowsku. Jest prawie pewne, że studiując jego dzieło, kierując się zapisanymi w nim regułami odniesiesz sukces.Bo któż nie chciałby:•	być człowiekiem nietuzinkowym,•	mieć grono sprawdzonych przyjaciół i ludzkie zaufanie,•	umieć zjednać sobie ludzi,•	zyskać popularność,•	być dobrym mówcą?Ta książka ułatwi ci swobodne poruszanie się w biznesie. Przyda się w życiu rodzinnym i towarzyskim. Sprawdziła się w wielu krajach świata. Z całą pewnością i w Polsce zyskają wszyscy, którzy ją przeczytają. Zawarte w niej reguły to nie tylko teoria. One działają magicznie. Wierz w to albo nie — ich stosowanie całkowicie odmieniło życie wielu ludzi.                                 ",media/5ab05fd1e35ac.jpg,"20,87"
"Maria Czubaszek. W coś trzeba nie wierzyć","[Violetta Ozminkowski]","Jej ciętych ripost bali się rozmówcy. Ona bała się tylko myszy.

 Maria Czubaszek, postać wyjątkowa, dla wielu kontrowersyjna, mistrzyni ostrych sądów i czułej drwiny, skradła serca milionom Polaków. Niechętnie mówiła o sobie, zasłaniając się kilkoma dyżurnymi anegdotami. Nie lubiła dzieci, zdrowego trybu życia, podróży, kochała palenie i psy.

 Wojciech Karolak nic nie zmienił w pokoju żony od jej śmierci. Violetcie Ozminkowski udało się wejść w ten zatrzymany świat, poznać archiwum satyryczki i namówić na szczere rozmowy jej najbliższych. Dzięki temu mogła w niezwykły sposób opowiedzieć historię fascynującej kobiety, która pod uśmiechem skrywała samotność, smutek, a bywało, że i rozpacz.

 Maria Czubaszek nie kojarzyła się z cierpieniem. Zapamiętaliśmy ją jako piekielnie inteligentną i dowcipną starszą panią z papierosem. Zawsze uśmiechniętą, zawsze gotową wbić czułą szpilę. Na początku jej kariery wątpiono, czy w ogóle istnieje. Podejrzewano, że za jej nazwiskiem kryje się kilku wybitnych satyryków. Była w tym przewrotna prawda, bo ona sama miała się światu nigdy nie przydarzyć, co wykrzyczała jej kiedyś matka. Nie miała zresztą nic przeciwko temu, bo trzymała ją przy życiu świadomość, że jak już naprawdę będzie miała dość, popełni samobójstwo. W młodości próbowała zabić się dwa razy, pod koniec życia po cichu umierała na oczach całej Polski. Uśmiechając się, mówiła wprost, że życie przestało ją bawić, a braliśmy to za kolejny żart. Zawsze mówiła to, co myśli, była wolną kobietą i zapłaciła za to wysoką cenę, ale dzięki niej może wszyscy chwilami bierzemy życie mniej serio.

 Genialne. Pięknie to Violetta Ozminkowski napisała i ja tu niczego nie dam zmienić. Po prostu nie ma mowy.

 Wojciech Karolak

 Świetne. Wzruszające. Złapałem się na tym, że czasem zapominałem, że czytam o Marysi. Zobaczyłem ją na nowo.

 Artur Andrus

 Czułe, mądre i piękne.

 Krzysztof Daukszewicz

 Violetta Ozminkowski - dziennikarka i pisarka. Ostatnio autorka bestsellerowej biografii Michaliny Wisłockiej ""Sztuka kochania gorszycielki"", na podstawie której został nakręcony film ""Sztuka kochania"", i napisanej z opublikowanych wywiadów rozmowy z Agnieszką Osiecką ""Lubię farbować wróble"". Za życia Marii Czubaszek przekomarzała się z nią, że jak nie poczęstuje papierosem, napisze jej biografię.                                            ",media/5fd1127754916.jpg,"29,10"
"Pucio, zabawy gestem i dźwiękiem","[Marta Galewska-Kustra,Joanna Kłos]","                                     Pucio wprowadza dzieci w świat mowy!
  
  Na kartach tej małej książeczki znajdziecie swojego ulubionego bohatera wykonującego czynności, które cieszą każdego malucha, a wszystko to w połączeniu z dźwiękami ważnymi dla początków rozwoju mowy: samogłoskami, prostymi sylabami i onomatopejami.
  
  Pucio zaprasza do wspólnej zabawy! Oglądajcie ilustracje i dotykajcie ich, odczytując zapisane na nich dźwięki. Powtarzajcie razem z dzieckiem gesty wykonywane przez Pucia (możecie pomóc maluchowi, kierując jego ręką). Wyraźnie intonujcie i zabarwiajcie emocjonalnie swoje wypowiedzi, bo to zwraca uwagę dziecka i zachęca je do naśladowania.
  
  Więcej wyrażeń dźwiękonaśladowczych, które są ważnym elementem rozwoju mowy, znajdziecie w książce „Pucio uczy się mówić”.
  
  Dr n. hum. Marta Galewska-Kustra – logopeda, pedagog dziecięcy, pedagog twórczości. Wciąż krąży między Łodzią i Warszawą. W Łodzi prowadzi gabinet logopedyczny dla dzieci, w Warszawie pracuje jako adiunkt w Akademii Pedagogiki Specjalnej. Autorka serii książek wspierających rozwój mowy dziecka, w tym bestsellerowych „Z muchą na luzie ćwiczymy buzie” i „Pucio uczy się mówić”.
  
  Joanna Kłos ukończyła grafikę na Akademii Sztuk Pięknych w Krakowie, dyplom obroniła w Pracowni Projektowania Plakatu. Przez kilkanaście lat pracowała jako graficzka, by wreszcie zostawić „pracę na etacie” i zająć się ilustracją. Wspólnie z siostrą prowadzi pracownię lalek Kalikayo. Uwielbia czekoladę z pomarańczą i piesze wyprawy ze swoimi psami.                                 ",media/5c86154f6cb5f.jpg,"12,96"
"Alianci. Opowieści niepoprawne politycznie Część 5","[Piotr Zychowicz]","                                     Kolejna część bestsellerowego cyklu „Opowieści niepoprawne politycznie”. Po Żydach, Sowietach i Niemcach przyszedł czas na Aliantów.
  II wojna światowa przedstawiana jest jak hollywoodzki western, starcie dobrych kowbojów ze złymi Indianami. Prawdziwa historia nie była jednak wcale czarno-biała. Zbrodnie wojenne popełniały nie tylko państwa Osi, ale również alianci zachodni.
  
  Straszliwe bombardowania dywanowe Hamburga, Drezna i innych niemieckich miast. Rozstrzeliwanie jeńców wojennych. Gwałty i grabieże. Rasistowskie mordy na ludności cywilnej Japonii, których zwieńczeniem była atomowa zagłada w Hiroszimie i Nagasaki.
  
  Piotr Zychowicz pisze o brytyjskich obozach koncentracyjnych dla Burów, ludobójstwie amerykańskich Indian i zachodnich intelektualistach, którzy tuszowali zbrodnie Stalina – Katyń, Gułag i Wielki Głód. A także o tym, jak Anglosasi po wojnie wydali NKWD dwa miliony uciekinierów ze Związku Sowieckiego. Polacy nie byli jedynym narodem zdradzonym przez Churchilla i Roosevelta w Jałcie.                                 ",media/601aaf170c914.jpg,"37,00"
"Reset. Świat na nowo","[Karolina Korwin Piotrowska]","Czy to już koniec? A może nowy początek?

 Dobrze już było. Teraz będzie reset!

 Pandemia, lęk, bankructwo, cisza, paraliż, fake news, bunt. Tak większość z nas zapamięta 2020 r. Świat wstrzymał oddech i zastygł w niepewności. A koronawirus, który był sprawcą tego zatrzymania, zmusił nas do zastanowienia się nad życiem. Czy świata w nim nie było za dużo, odwołując się do Olgi Tokarczuk? Być może zbytnio namnożyliśmy go w pogoni za pieniędzmi i wrażeniami.

 Co jest dla nas tak naprawdę ważne? Na czym się skupiamy? Kogo słuchamy? Po prostu, dokąd zmierzamy?

 Karolina Korwin Piotrowska zaprosiła do rozmowy dziennikarzy i artystów, znawców kultury i ludzkiej duszy, analityków i inżynierów przyszłości, a także tych, którzy na co dzień ratują nasze życie.

 Magdalena Boczarska, Tomasz Sekielski, Natalia Kukulska, Michał Rusinek, Sylwia Chutnik, Janek Świtała, Olga Chajdas, Michał Nogaś, Jagoda Szelc, Anna Pięta, Michał Zaczyński, Magdalena Górka, Natalia Hatalska, Stefan Batory, Natalia de Barbaro, Natasza Kosakowska-Berezecka

 Świat potrzebuje nowego początku. Tylko jak on będzie wyglądał?

 Chciałam zadać wiele prostych pytań, uważnie słuchać znacznie mądrzejszych i bardziej doświadczonych, chciałam porozmawiać o tym, co nadchodzi. O tym, jacy z tego, co nas spotkało wyszliśmy, co nas czeka, co zmieni się w życiu naszym i kolejnych pokoleń, i czy to będzie zmiana na lepsze.

 Karolina Korwin Piotrowska        
  
  Zapraszamy do obejrzenia filmu autorki, w którym opowiada o swojej książce!                                 ",media/5fd95e063f224.jpg,"28,84"
"Druga młodość, cóż z tego, że druga","[CAROLINE DE MAIGRET,Sophie Mas]","„Druga młodość, cóż z tego, że druga” to książka o spojrzeniu Francuzek na upływ lat.

 Spojrzenie to jest uniwersalne, podane ze zdrową dawka humoru, brawurą, ale szykownie, seksownie, do czytania późno w nocy za jednym zamachem, a następnie kupowania dla swoich przyjaciółek.

 Książka pełna inspirujących cytatów i anegdot, jest mówieniem prawdy o starzeniu się z łobuzerskim puszczeniem oczka, ze wzruszeniem ramionami i głębokim zanurzeniem się w gorzko-słodki gniew, który towarzyszy doświadczeniu kobiet.

 Ten duet autorski znamy z „Bądź paryżanką, gdziekolwiek jesteś”.

 CAROLINE DE MAIGRET

 absolwentka literatury na Sorbonie i modelka. Właścicielka wytwórni płytowej. Wspiera kobiety na całym świecie z ramienia charytatywnej organizacji pozarządowej CARE. Od roku 2012 jest ambasadorką marki Chanel. W­2014 roku została muzą marki Lancôme.

 SOPHIE MAS

 właścicielka wytwórni filmowej. Pracuje obecnie jako producentka w Los Angeles, Nowym Jorku i Sao Paulo.                                         ",media/5fe316dc56a2f.jpg,"27,70"
"Słowiańska wiedźma. Rytuały, przepisy i zaklęcia naszych przodków","[Dobromiła Agiles]","„Magia wraca do nas wraz ze starymi wierzeniami – a może nigdy nas nie opuściła…”

 Żyje tu i teraz. Rozumie przyrodę i czerpie z jej dóbr – w szufladzie trzyma korzeń jarzębiny, a wieczorami okadza dom jałowcem. Na jej szyi widnieje amulet, z ust wypływają słowa zaklęć. Szykuje się do obchodów nadchodzącego sabatu.

 Słowiańska czarownica drzemie w kobiecym sercu i pomaga w życiowych wyborach, smutkach i radościach. Gdy pozwolisz jej rozkwitnąć, poczujesz w sobie ogromny dar, bezgraniczną wdzięczność i wielką siłę.

 Dobromiła Agiles w swojej książce dzieli się wiedzą i wskazówkami, które zapoznają cię ze światem wierzeń i rytuałów naszych przodkiń – od wprowadzenia do wicca i rodzimowierstwa, poprzez opisy poszczególnych sabatów, po przepisy, zaklęcia, a nawet słowiańską gimnastykę.                                         ",media/6045f8fcf24e3.jpg,"26,84"
"Atlas wysp odległych wyd. 2","[Judith Schalanski]","Wysmakowany album, w którym literatura łączy się z kartografią, by zabrać czytelnika w niezwykłą podróż po pięćdziesięciu tajemniczych lądach.

 Portretując pięćdziesiąt odległych wysp rozsianych na pięciu oceanach, Judith Schalansky udowadnia, że atlas geograficzny to najbardziej poetycka z książek. Z pracowicie zebranych relacji historycznych i danych naukowych wysnuwa intrygujące literackie miniatury. Zestawiając je z subtelnymi, całostronicowymi mapami, tworzy całość o wielkiej mocy oddziaływania na wyobraźnię. Jedyną w swoim rodzaju, romantyczną książkę-marzenie, która zachwyci wszystkich miłośników wyimaginowanych podróży.

 „Atlas wysp odległych” zdobył pierwszą nagrodę w konkursie na najpiękniejszą niemiecką książkę roku.                                         ",media/5f6005a8916d8.jpg,"40,29"
"Slow sex. Uwolnić miłość","[Hanna Rydlewska,Marta Niedźwiecka]","Udany seks to źródło energii, wyraz uczuć pomiędzy ludźmi. Wykorzystaj metody slow sex, by żyć szczęśliwiej.

 Nowe wydanie bestsellerowego poradnika zostało poszerzone o bieżące problemy związane ze zmianami na świecie. Jak zaburzenia psychiczne, tempo życia, izolacja wymuszona pandemią wpływają na seksualność? Jak odkryć naturę własnego pożądania? Jak zdobyć się na akceptację wobec własnych pragnień i wyborów innych ludzi? Czym jest kink, a czym BDSM i jak realizować je bezpiecznie oraz czym się różnią od stereotypów rodem z „Pięćdziesięciu twarzy Greya”?

 Dziś, gdy zmagamy się z problemami osobistymi, ekonomicznymi, politycznymi, boimy się przyszłości, a nie potrafimy być „tu i teraz” i tęsknimy za dotykiem, nasze relacje są w kryzysie lub od nich stronimy, slow sex może dostarczyć cennych wskazówek i zainspirować do zmian.

 Rozmowa dziennikarki Hanny Rydlewskiej z Martą Niedźwiecką, certyfikowaną sex coach i psycholożką to pikantna, momentami bardzo zabawna opowieść przeplatana ćwiczeniami budującymi świadome podejście do ciała, relacji i erotyki. Opowieść, która może przekonstruować twoją seksualność i pomóc odnaleźć drogę do satysfakcjonującego, intensywnego i radosnego seksu.

 Tyle mitów narosło wokół ciała! Że grzeszne, brudne, Ślepe w porywach... Tymczasem ciało to my. Ta książka nam je oddaje. Pokazuje, jak się sobą cieszyć, jak się zatrzymać na chwilę i zachwycić. Jak szanować siebie i innych, przez ciało, dzięki ciału. Jak przywrócić z nim łączność, jak je rozumieć. Lektura obowiązkowa.

 Grażyna Plebanek, pisarka

 To wyjątkowa książka o tym, jak nawrócić się na seks. Nie za pomocą Tindera, ale duszy łączącej kochanków.

 Manuela Gretkowska, pisarka

 Wspaniały poradnik pozwalający każdej zainteresowanej parze odzyskać zapał oraz nabyć nowe umiejętności w pielęgnowaniu swojej seksualności.

 Andrzej Depko, seksuolog                                         ",media/600169e649306.jpg,"29,65"
"Konsekracja św. Józefowi. Cuda naszego duchowego ojca","[Donald H. Calloway]","Nadszedł czas św. Józefa!

 Liczne proroctwa ogłaszają niezwykle ważną rolę św. Józefa – od objawień w Cotignac, przez jego pojawienie się u boku Jezusa i Maryi w Fatimie aż po współczesne wizje z Itapirangi. W maju 2019 roku ks. Donald H. Calloway napisał do papieża Franciszka list z propozycją, aby rozważył ogłoszenie w Kościele Roku św. Józefa. Ojciec święty spełnił tę prośbę. Jako wielki apostoł św. Józefa ks. Calloway stworzył trzydziestotrzydniowy program zawierzenia się Opiekunowi Zbawiciela, który swoją formą nawiązuje do słynnego aktu ofiarowania się Jezusowi przez Maryję według św. Ludwika de Montfort. Ta konsekracja to potężna broń w walce duchowej – skuteczność opieki św. Józefa potwierdzają tysiące świadectw wiernych.

 Podejmij wyzwanie i zostań duchowym synem św. Józefa!

 Ksiądz Donald H. Calloway MIC jest członkiem Zgromadzenia Księży Marianów Niepokalanego Poczęcia. Po radykalnej zmianie życia i nawróceniu na katolicyzm ukończył studia filozoficzne i teologiczne. Jest mariologiem i wielkim czcicielem św. Józefa.

 Nadszedł dla ciebie czas odkrycia św. Józefa. Czas powierzenia mu siebie i swojej rodziny. To najlepsza inwestycja duchowa tego roku, a ta książka bardzo ci w tym pomoże. – ks. Dominik Chmielewski SDB

 Zaproponowana przez autora droga zawierzenia św. Józefowi poprowadzi wszystkich, którzy zdecydują się nią pójść, do triumfu Niepokalanego Serca Maryi. – ks. Dariusz Dąbrowski COr.                                         ",media/60253aa96d8ca.jpg,"22,93"
"Elżbieta, Filip, Diana i Meghan. Zmierzch świata Windsorów","[Marek Rybarczyk]","                                     Od lat śledzimy dzieje rodziny Windsorów. Choć brytyjską monarchię zna niemal każdy, to większość z nas nie zdaje sobie sprawy z dramatów, jakie przez lata rozgrywały się za bramami Pałacu Buckingham. Życie królewskiej pary, Elżbiety i Filipa, było źródłem wielu, jeśli nie większości, problemów Windsorów. Skandal gonił skandal. Małżeństwa ich kolejnych dzieci kończyły się. Inwazja dziennikarzy, aparatów i kamer na królewską rodzinę sprawiła, że skrzętnie skrywane tajemnice znalazły się na pierwszych stronach tabloidów. Skostniała monarchia nie nadążała za nowoczesnością. Ostatnią próbą luzowania dworskiego gorsetu było wpuszczenie za mury pałaców Windsorów amerykańskiej rozwódki Meghan Markle. Miała zostać nową gwiazdą, ""Kate na dopalaczach"", jak pisały gazety. Okazała się przynajmniej dla Windsorów ""Dianą plus"".
  Książka ""Elżbieta, Filip, Diana i Meghan. Zmierzch świata Windsorów"" powstała w historycznym momencie. Zmiana jest tuż-tuż. Królowa Elżbieta ma prawie 95 lat. Nadchodzi kres pewnej epoki i małżeństwa, którego dzieje stały się telenowelą przełomu XX i XXI wieku. W tle pojawiają się pytania czy następca tronu książę Karol będzie w stanie udźwignąć ciężar korony? Czy Brytyjczycy zaakceptują jako swoją królową Kamilę? Jaka naprawdę była Diana? Jaki wpływ na decyzje podejmowane przez Harry'ego ma Meghan? Dlaczego Windsorowie stracili szansę na wspaniałą czwórkę Meghan, Harry, Kate, Willliam?
  Nasza wiedza na temat brytyjskiej monarchii bazowała dotąd głównie na plotkach i uproszczeniach. Książka Marka Rybarczyka pozwala przyjrzeć się z bliska pałacowym relacjom. Odsłania kulisy burzliwych książęcych związków. A przedstawione w niej meandry życia uczuciowego królewskich małżonków, rodzinne skandale i sekrety przedstawione w książce zadziwią nawet fanów serialu, ""The Crown"".                                 ",media/6033d7da71b1e.jpg,"30,79"
"Mala M.","[Paulina Świst,Lilka Płonka]","

 Świat Mali staje na głowie, kiedy dziewczyna zawiera bardzo bliską znajomość z niebieskookim bogiem seksu. Zadurzona, oszołomiona i zdezorientowana postanawia za wszelką cenę odszukać mężczyznę, który w pół godziny dał jej więcej rozkoszy niż wszyscy jej dotychczasowi faceci razem wzięci. Jak na złość, nie wiadomo skąd pojawia się „ten drugi” – szarmancki, uroczy, inteligentny sąsiad, gotów uczynić wiele w imię utrzymania dobrosąsiedzkich stosunków. Lepszy wróbel w garści czy gołąb na dachu? To najmniejszy z problemów, jakie zwalają się Mali na głowę. Część z nich dotyczy jej najlepszej przyjaciółki Zuzy, a to się Mali wcale, ale to wcale nie podoba…                                          ",media/605deae6c003b.jpg,"24,77"
"Czas tajemnic. Saga o Karli Linde Tom 1 (z autografem)","[Marzena Rogalska]","                                     Książka z autografem
  
  Pełna tajemnic saga Marzeny Rogalskiej
  
  Bywa, że jeden człowiek potrafi odmienić nasze życie. Ukryta pod fortepianem w salonie krakowskiego mieszkania dziewczynka z ciekawością podsłuchuje rozmowę ukochanego ojca z dystyngowaną panią Doris. Niedługo małą Karolinę i dojrzałą kobietę połączy niezwykła więź.
  
  Dorastająca Karla ma wszystko, by zawojować salony Krakowa. Młodziutka, śliczna, błyskotliwa dziewczyna z dobrego domu potrafi zawrócić w głowie. Gdy wyjeżdża z ojcem do Zakopanego, jej życie nabiera tempa i barw. Zafascynowana artystycznym światem, stopniowo odkrywa uroki flirtu, zabawy, a nawet hazardu. Świat dorosłych, w który wchodzi, jest jednak bardziej skomplikowany, niż może się wydawać.
  
  Ale serce Karli nie potrafi zabić mocniej aż do momentu spotkania z Jankiem. Czy przewrotny los pozwoli dwojgu młodym ludziom zbliżyć się do siebie? Zwłaszcza, że rodzice mają wobec córki inne plany, a w jej życiu znowu pojawia się pani Doris?
  
  Marzena Rogalska jak nikt potrafi porywająco opowiadać - o uczuciach, emocjach, relacjach rodzinnych. W pierwszym tomie nowej trylogii o losach Karli Linde w mistrzowski sposób opisuje atmosferę Krakowa lat trzydziestych, artystyczną bohemę Zakopanego i pozorną beztroskę życia szlacheckiego dworku.                                 ",media/601823709171d.jpg,"26,01"
"Czarny łabędź. Jak nieprzewidywalne zdarzenia rządzą naszym życiem","[NASSIM NICHOLAS TALEB]","NAJBARDZIEJ PROROCZA KSIĄŻKA XXI WIEKU!

 Co łączy wynalazek wynalazek koła, zagładę Pompejów, krach na Wall Street, Harry'ego Pottera i Internet? Dlaczego wszyscy prognostycy są oszustami? Co miłośnicy Katarzyny Wielkiej mogą nam powiedzieć o prawdopodobieństwie? Dlaczego nigdy nie powinieneś gonić ruszającego pociągu ani wierzyć codziennym gazetom?

 Bestsellerowa książka Nassima Nicholasa Taleba analizuje zjawisko Czarnych Łabędzi: niespodziewanych wydarzeń, które spadają na nas nagle i odciskają ogromne piętno na naszym życiu. Czy to będzie wybuch I wojny światowej, dojście Hitlera do władzy, zamachy z 11 września 2001 roku w Nowym Jorku, kryzys finansowy 2008 roku czy aktualna pandemia koronawirusa Covid-19, wydarzenia te całkowicie zmieniają podstawy naszego życia. Ich wpływ na los świata jest ogromny, ale są niemożliwe do przewidzenia, dopiero po ich wystąpieniu staramy się je zracjonalizować.

 ""Połączenie niskiej przewidywalności i znacznych skutków dla otaczającej rzeczywistości czyni Czarnego Łabędzia wielką zagadką"" - pisze Nassim Nicholas Taleb. I proponuje czytelnikowi rozwiązanie tej zagadki. Jego książka to niezmiernie ważna lektura dla wszystkich, którzy chcą żyć świadomie w dzisiejszym, pełnym niepewności i niebezpieczeństw, szybko zmieniającym się świecie.

 „Najbardziej proroczy głos ze wszystkich"".

 GQ

 „Ta książka zmieniła współczesne myślenie"".

 The Times

 „Czarny Łabędź zmienił mój pogląd na to, jak działa świat"".

 Daniel Kahneman, laureat Nagrody Nobla

 Ponad 3 mln sprzedanych egzemplarzy na świecie.

 Przetłumaczona na 33 języki!                                         ",media/5e78c236b5964.jpg,"34,04"
"Montessori. 80 zabaw z dziećmi. Samo Sedno","[Beatriz M. Munoz,Nitdia Aznarez]","Wskazówki, jak zaspokoić wrodzoną ciekawość dziecka

 Zasiewaj w dzieciach dobre idee, nawet jeśli ich nie rozumieją. Upływające lata zatroszczą się o to, by pojęły ich znaczenie i rozkwitły w ich sercach. - Maria Montessori

 Zabawy, które kształtują samodzielność i kreatywność dziecka

 „Montessori. 80 zabaw z dziećmi” to praktyczny przewodnik z pomysłami na montessoriańskie zabawy i ćwiczenia, które można przeprowadzić z przedszkolakami w domu. Ich celem jest odkrywanie świata w sposób, który sprawi dzieciom i rodzicom przyjemność i który wzmocni dobre relacje w rodzinie.

 Zgodnie z filozofią Marii Montessori wszystkie zabawy przedstawione w tej książce są związane z podstawowymi potrzebami i zainteresowaniami dzieci oraz wykorzystują fazy wrażliwe w ich rozwoju, gdy uczą się one nowych umiejętności wyjątkowo łatwo i szybko. Autorki prezentują m.in.:

 aktywności rozwijające praktyczne umiejętności życiowe, takie jak ubieranie się, sprzątanie, gotowanie, nawiązywanie kontaktu z innymi;

 ćwiczenia z materiałami sensorycznymi, które porządkują wiedzę dotyczącą właściwości przedmiotów, ich wymiarów, kształtów, barw i faktur, przygotowując intelekt do myślenia abstrakcyjnego;

 trening przygotowujący do nauki czytania i pisania;

 działania matematyczne, które wymagają m.in. liczenia, dodawania, odejmowania, mnożenia, dzielenia oraz klasyfikowania i porządkowania;

 aktywności, które pomogą zrozumieć abstrakcyjny upływ czasu w konkretny i doświadczalny sposób;

 zabawy badawcze i eksperymentalne umożliwiające odkrywanie praw świata przyrody;

 aktywności plenerowe umożliwiające rozwój bliskich relacji ze środowiskiem naturalnym.

 Zabawy są narzędziami, które pomogą rozbudzić wrodzoną ciekawość dziecka i ułatwić mu samodzielną naukę. Nie trzeba wykonywać ich wszystkich ani przestrzegać kolejności. Dziecko może po prostu przejrzeć strony tej książki i zdecydować, co je interesuje.

 Książka zawiera materiały do wycięcia oraz zestaw wielu pomocy do pobrania i wydrukowania!

 O autorkach:   Beatriz M. Muñoz – nauczycielka Montessori, edukatorka pozytywnej dyscypliny. Prowadzi blog Tigriteando, na którym prezentuje zabawy edukacyjne realizowane w domu ze swoimi dziećmi. Propaguje nie tylko montessoriańskie aktywności, lecz także własną wizję metody, łącząc ją z pozytywną dyscypliną i wychowaniem pełnym szacunku dla dzieci i dorosłych, którzy się nimi opiekują.  Nitdia Aznárez – biolożka, nauczycielka w Forest Schools w Szkocji. Mieszka z dwiema córkami, dwoma synami, partnerem, kilkoma zwierzętami i wieloma (zbyt wieloma) roślinami. Miłośniczka natury i wełny. Prowadzi blog 3 Macarrons, na którym promuje ideę świadomego rodzicielstwa.                                          ",media/5ffc9441ae88b.jpg,"27,06"
"Zupełne dno. Dziennik cwaniaczka. Tom 15","[Jeff Kinney]","Wakacje w starym wozie kempingowym wujka Gary’ego? Brzmi jak przygoda! Rodzina Grega zamierza spędzić to lato w prawdziwej, najprawdziwszej głuszy. Tylko że w głuszy na ogół grasują jej niezbyt gościnni mieszkańcy – namolne niedźwiedzie, żarłoczne kleszcze i najgorsze z nich wszystkich – SKUNKSY. Czy urlop na łonie natury, który był szczytem marzeń Heffleyów, okaże się zupełnym dnem?

 Jeff Kinney jest twórcą internetowych gier komputerowych oraz serii książek „Dziennik cwaniaczka”, numeru jeden na liście bestsellerów „New York Timesa”. W 2009 roku czasopismo „Time” umieściło go wśród Stu Najbardziej Wpływowych Ludzi Świata. Jeff stworzył też www .poptropica. com, jeden z Pięćdziesięciu Najlepszych Portali Internetowych według „Time”. Dzieciństwo spędził w Waszyngtonie, a w 1995 roku przeniósł się do Nowej Anglii. Obecnie z żoną i dwoma synami mieszka w Massachusetts, gdzie razem z rodziną prowadzi księgarnię An Unlikely Story.                                         ",media/6036641e178d3.jpg,"19,80"
"Ziemia obiecana","[Barack Obama]","We wspomnieniach z czasu prezydentury Barack Obama przedstawia dzieje nieprawdopodobnej przemiany młodego, poszukującego własnej tożsamości człowieka w przywódcę wolnego świata. Ukazuje zarówno swoje polityczne dojrzewanie, jak i przełomowe momenty pierwszej kadencji swojej prezydentury, przypadającej na czasy dramatycznych zmian i zawirowań.

 Barack Obama zaprasza czytelników do Gabinetu Owalnego i Sali Sytuacyjnej Białego Domu oraz zabiera ich w podróż do Moskwy, Kairu, Pekinu i wielu innych miejsc. Poznajemy tok jego myślenia, gdy organizuje swój gabinet, zmaga się z globalnym kryzysem finansowym i mierzy z Władimirem Putinem, spiera się z generałami o amerykańską strategię w Afganistanie, podpisuje reformę Wall Street, reaguje na niszczycielską eksplozję platformy wiertniczej Deepwater Horizon i zezwala na przeprowadzenie operacji Trójząb Neptuna, w której ginie Osama bin Laden.

 To niezwykle osobista i autorefleksyjna opowieść o człowieku, który założył się z historią – zaangażowanym animatorze społecznym poddanym próbie światowej polityki. Obama otwarcie pisze o siłach, które w kraju i za granicą stały mu na drodze, oraz o tym, jak życie w Białym Domu wpłynęło na jego żonę i córki. Nie obawia się mówić o wahaniach i rozczarowaniach, jednak nigdy nie wątpi w słuszność swojego przekonania, że w ramach wielkiego, amerykańskiego eksperymentu zawsze możliwy jest postęp. Były prezydent Stanów Zjednoczonych przypomina, że demokracja nie jest darem z niebios – trzeba ją dzień po dniu wspólnie budować na fundamencie empatii i porozumienia.                                           ",media/60268d0f06ac5.jpg,"52,73"
"Kamala Harris. Pierwsza biografia","[Dan Morain]","                                     Charyzmatyczna, skuteczna i pełna pasji. Pierwsza kobieta w historii na stanowisku wiceprezydentki Stanów Zjednoczonych Ameryki. W czasie ostatniej kampanii prezydenckiej media mówiły tylko o niej: gorącej orędowniczce praw osób LGBT, kobiet i mniejszości etnicznych. W oka mgnieniu stała się uosobieniem walki o prawa człowieka dla milionów ludzi, również poza USA.
  
  Kamala Harris w swojej karierze niejednokrotnie dała się poznać jako twarda, zdecydowana negocjatorka. Jako prokuratorka zawsze stawała po stronie ofiar. Stanowczo potępiła działania policji po śmierci George’a Floyda, kiedy Ameryką zawładnęły protesty pod hasłem #blacklivesmatter. Dziś staje się symbolem nadziei na koniec rządów populistów na całym świecie.
  
  Dan Morain – dziennikarz, od ponad czterech dekad zajmuje się polityką Stanów Zjednoczonych. Przez ponad dwadzieścia lat pracował dla „Los Angeles Times”.                                 ",media/60098b79683ee.jpg,"36,32"
Wyrok,"[Remigiusz Mróz]","                                     Dziesiąty tom bestsellerowego cyklu z Chyłką!Po zdanym egzaminie adwokackim, świeżo upieczony mecenas Oryński ma zastąpić Chyłkę jako główna siła napędowa kancelarii Żelazny & McVay. Pierwsza sprawa, jaką poprowadzi, niechybnie zaważy na całej jego przyszłości zawodowej. Kordian nie ma jednak żadnego wyboru – zostaje zmuszony przez Piotra Langera, by podjąć się obrony pewnego chłopaka w Poznaniu.Co ich łączy? I dlaczego Langerowi tak zależy na jego obronie?Siedemnastolatek oskarżony jest o wyjątkowo krwawe zabójstwo dwóch kolegów ze szkoły, które łudząco przypomina sposób działania Sadysty z Mokotowa. Nie ma alibi, plącze się w zeznaniach, a dowody przemawiają przeciwko niemu. Nawet Chyłka jest przekonana, że tej sprawy nie da się wygrać…                                 ",media/5d65631316a8c.jpg,"22,83"
"Niewidzialne życie Addie LaRue","[V.E. SCHWAB]","                                     V„Nigdy nie módl się do bogów, którzy odpowiadają po zmroku”.Francja, rok 1714. Uciekająca sprzed ołtarza młoda dziewczyna imieniem Adeline popełnia niewyobrażalny błąd. Zawiera umowę z diabłem. Faustowski pakt nakłada na nią ograniczenie – możliwość wiecznego życia bez szansy na bycie zapamiętaną przez kogokolwiek – dlatego Addie decyduje się opuścić swoją wioskę, albowiem straciła wszystko. Dziewczyna jest zdeterminowana znaleźć dla siebie właściwe miejsce, nawet jeśli została skazana na wieczną samotność. Ale czy na pewno? Każdego roku, w dniu jej urodzin, tajemniczy Luc przychodzi z wizytą i pyta, czy Addie jest już gotowa, by oddać mu swą duszę. Ich mroczna i ekscytująca gra będzie trwać przez wieki.Minie trzysta lat, zanim Addie odwiedzi ukrytą w Nowym Jorku księgarnię i pozna kogoś, kto zapamięta jej imię – i nagle wszystko znów zmieni się na zawsze. W stylu „Żony podróżnika w czasie” i „Życia po życiu”, „Niewidzialne życie Addie LaRue” jest wymykającą się wszystkim gatunkom opowieścią, która wciąż nie przestaje królować na listach bestsellerów „New York Timesa”!                                 ",media/6013df0ff1a89.jpg,"32,61"
Później,"[Stephen King]","                                     Tylko umarli nie mają sekretów.
  
  Jamie od najmłodszych lat widuje zmarłych. I nie przypomina to tego, co znamy ze słynnego filmu z Bruce’em Willisem. Jamie może zobaczyć to, czego nikt inny nie widzi, i poznać sekrety, których nikt inny nie zna. Ale cena, jaką musi płacić za swoje nadnaturalne zdolności, jest bardzo wysoka.  O czym doskonale wie matka Jamiego, która namawiała go, aby nikomu nie mówił, co potrafi. Taki dar nie może długo jednak pozostać niezauważony. I Jamie wkrótce będzie musiał pomagać nowojorskiej policji w śledztwie w sprawie, w której pewien morderca groził uderzeniem zza grobu.
  
  Czasami dorastać znaczy stanąć twarzą w twarz z prześladującymi cię demonami.
  
  Później, najnowsza powieść Stephena Kinga, to horror w najlepszym wydaniu – przerażający i poruszający. To także historia o straconej niewinności i konieczności wyborów między dobrem a złem. Uważny czytelnik znajdzie w niej echa jednej z najsławniejszych powieści Kinga – TO – i odpowiedź na pytanie, co trzeba zrobić, aby stawić czoło złu we wszystkich jego postaciach.
  
  Masz ochotę na dreszcz emocji, ale nie masz czasu na czytanie 1000-stronicowej powieści? To idealna lektura przed snem. Tylko nie myśl, że później zaśniesz…
  Kirkus Reviews
  
  Zabawna i świeża lektura ze znakomitą historią, która udowadnia, że King słusznie jest nazywany literacką legendą.
  „AARP Magazine”                                 ",media/6047ba3e3166b.jpg,"33,03"
"Wszystkie kolory świata","[Opracowanie zbiorowe]","                                     WSZYSTKIE KOLORY ŚWIATA – książka, która daje siłę!
  
  43 pisarzy i ilustratorów stworzyło 20 wyjątkowych utworów, które odwołując się do empatii, przynoszą nadzieję na lepszy i otwarty na różnorodność świat.
  
  Ta książka wzięła się z odruchu solidarności z dzieciakami, które znają smak szykan i wykluczenia z powodu swojej inności. Inności, która może być darem, bogactwem, ale i ciężkim brzemieniem.
  
  Twórcy zaangażowani w powstanie „Wszystkich kolorów świata” pracowali charytatywnie, a całkowity dochód z książki przeznaczony jest na wsparcie 116 111 telefonu zaufania dla dzieci i młodzieży, prowadzonego przez Fundację Dajemy Dzieciom Siłę.
  
  Do zachwytu nad wszystkimi kolorami świata, odkrywania bogactwa w różnorodności i odwagi do bycia sobą zapraszają: Mariusz Andryszczyk, Anita Andrzejewska, Justyna Bednarek, Paweł Beręsewicz, Katarzyna Bogucka, Aleksandra Cieślak, Maria Dek, Emilia Dziubak, Joanna Fabicka, Barbara Gawryluk, Andrzej Marek Grabowski, Monika Hanulak, Cezary Harasimowicz, Joanna Jagiełło, Roksana Jędrzejewska-Wróbel, Jona Jung, Grzegorz Kasdepke, Marta Kisiel, Katarzyna Kołodziej, Basia Kosmowska, Agata Królak, Igor Kubik, Marta Kurczewska, Grażka Lange, Daniel de Latour, Joanna Olech, Anna Onichimowska, Paweł Pawlak, Adam Pękalski, Andrzej Pilichowski-Ragno, Jola Richter-Magnuszewska, Grażyna Rigall, Joanna Rudniańska, Joanna Rusinek, Michał Rusinek, Katarzyna Ryrych-Korczyńska, Piotr Socha, Zofia Stanecka, Marcin Szczygielski, Marianna Sztyma, Adam Wajrak, Anna Wielbut, Rafał Witek.                                 ",media/602975cfd4d87.jpg,"44,69"
"Dochodzę. Odkryj, co sprawia ci przyjemność","[Roberta Rossi]","Tę książkę napisało 16 000 kobiet!

 Roberta Rossi, włoska seksuolożka i przewodnicząca Włoskiej Federacji Seksuologicznej, zamieściła w internecie ankietę, w której zadała kobietom najbardziej intymne pytania dotyczące seksualności. Wszystko po to, żeby dowiedzieć się, z jakimi problemami się borykają. Spodziewała się tysiąca odpowiedzi – otrzymała ich ponad

 szesnaście tysięcy.

 Okazało się, że kobiety mają ogromną potrzebę rozmowy o seksie, orgazmie i odczuwaniu przyjemności.

 Na podstawie ich doświadczeń, wątpliwości i lęków powstał niezwykły, napisany przez kobiety dla kobiet, poradnik przełamujący tabu i odpowiadający na pytania, których często nie mamy odwagi zadać.

 Dochodzę… to przewodnik po kobiecej seksualności, dzięki któremu odkryjesz siebie, zrozumiesz, co sprawia ci przyjemność i nauczysz się o tym mówić – bez lęku i wstydu.

 To książka, którą każda kobieta powinna dostać od swojego lekarza.

 Roberta Rossi – seksuolożka i psychoterapeutka, przewodnicząca Włoskiej Federacji Seksuologicznej. Publikuje na portalu Repubblica.it oraz w czasopiśmie „Mind”.

                                               ",media/5fda4da506c0e.jpg,"29,05"
"Jeszcze większa księga detektywa Pozytywki","[Grzegorz Kasdepke]","                                     Prawdziwa gratka dla fanów detektywa Pozytywki! Wyjątkowe jubileuszowe wydanie wszystkich „kryminalnych” spraw, z jakimi dotąd zmierzył się bohater, uzupełnione o dodatkowe opowiadanie napisane przez Grzegorza Kasdepke z pewnej specjalnej okazji… Jakiej? To zagadka!
  
  W skład „Jeszcze większej księgi detektywa Pozytywki” wchodzą następujące książki: „Detektyw Pozytywka”, „Nowe kłopoty detektywa Pozytywki”, „Pamiątki detektywa Pozytywki”, „Wakacje detektywa Pozytywki”, „Tajemnicze zniknięcie detektywa Pozytywki” oraz „Wielki powrót detektywa Pozytywki”. Podążając tropem detektywa Pozytywki, czytelnicy mogą samodzielnie rozwiązywać zagadki. O tym, czy znaleźli prawidłowe rozwiązanie, przekonają się na końcu książki.
  
  Grzegorz Kasdepke – najchętniej czytany polski autor książek dla dzieci. Niemal wszystkie z jego ponad czterdziestu tytułów uzyskały status bestsellera (m.in. „Kacperiada…” czy „Horror! czyli skąd się biorą dzieci”). Kawaler Orderu Uśmiechu, Ambasador Polszczyzny Literatury Dziecięcej i Młodzieżowej. Sympatię czytelników łączy z uznaniem krytyków, czego dowodem są najważniejsze nagrody, jakie zdobył za swoją twórczość dla najmłodszych (w tym: Nagrodę Literacką im. Kornela Makuszyńskiego, dwukrotnie nagrodę Edukacja XXI, Nagrodę BETA, Nagrodę im. Kallimacha, Nagrodę Stowarzyszenia Autorów ZAiKS i inne). Jego książki weszły na listę lektur szkolnych, a Fundacja „ABCXXI – Cała Polska czyta dzieciom” uznała „Detektywa Pozytywkę” za jedną z dziesięciu najlepszych książek dla dzieci pierwszej dekady XXI wieku.
  
  Piotr Rychel urodził się w 1962 roku. Uczył się i studiował we Wrocławiu – Liceum Plastyczne i Akademia Sztuk Pięknych. Od lat 90. zajmuje się projektowaniem graficznym, z fantazją i dużym talentem tworzy rysunki dla dzieci, czasem także dla dorosłych. Współpracował z lokalnym wydaniem „Gazety Wyborczej”, wydawnictwami literatury dziecięcej i edukacyjnymi. Ilustrował i opracowywał graficznie serię podręczników do nauczania początkowego (za jeden z nich został wyróżniony przez PTWK w konkursie na najpiękniejszą książkę roku 2000). W latach 2004–2008 jako redaktor naczelny kierował dwutygodnikiem „Miś”. Od wielu lat współpracuje ze „Świerszczykiem”. Jest twórcą graficznego wizerunku detektywa Pozytywki, głównego bohatera bestsellerowej serii Grzegorza Kasdepke. W 2009 roku w konkursie Książka Audio Roku zdobył II nagrodę za oprawę graficzną książek audio „Detektyw Pozytywka”. W wolnych chwilach jeździ na motorze.                                 ",media/60239867bc198.jpg,"52,07"
"Jak kochać swoje dziecko i wyznaczać mu granice","[Barbara C. Unell,Jerry L. Wyckoff]","Wasze dziecko marudzi, ma napady złości albo nie chce jeść? Każda Wasza prośba kończy się awanturą? Nie jesteście sami! Tysiące rodziców też przez to przechodziło. Barbara C. Unell oraz Jerry L. Wyckoff przygotowali praktyczne rozwiązania ponad 100 najczęstszych problemów związanych z wychowaniem dzieci.

 „Jak kochać swoje dziecko i wyznaczać mu granice” pokazuje, jak budować empatyczne relacje, okazywać dzieciom wsparcie i zapewnić niezbędną ochronę; i jak jednocześnie radzić sobie z napadami złości. Co robić w sytuacjach konfliktowych oraz jak zapobiegać przyszłym problemom.                                         ",media/605be1ecc7386.jpg,"29,84"
"Alpiniści Stalina","[Cedric Gras]","                                     Niepublikowana dotąd historia dwóch sowieckich alpinistów, braci Abałakowów.Witalij i Jewgienij Abałakowie byli jednymi z najbardziej utalentowanych alpinistów swojego pokolenia. Czas ich aktywności przypadł jednak na ponury czas w historii Związku Radzieckiego – rewolucję październikową, a potem okres wielkiej czystki. Bracia podjęli udane pionierskie wyprawy w wysokie góry Pamiru ku chwale swojej proletariackiej ojczyzny, jednak ostatecznie ich losy potoczyły się zupełnie inaczej. Donos na Witalija sprawił, że alpinista trafił do więzienia, był torturowany przez NKWD i cudem uniknął łagrów. Jego brat przeciwnie – przed rewolucją ukończył Akademię Sztuk Pięknych i stał się pupilkiem władzy. Witalij nie zrezygnował jednak ze swoich marzeń i mimo utraty kilku palców na skutek burzy śnieżnej po latach wrócił do wspinaczki.Korzystając z wielu źródeł, między innymi z zachowanych dzienników Jewgienija, Cédric Gras z reporterską pasją odkrywa białe plamy w historii światowego alpinizmu i wydobywa z zapomnienia niezwykłą historię braci Abałakowów.                                    ",media/5fce7007d4897.jpg,"28,02"
"Kicia Kocia Zima","[Anita Głowińska]","Tym razem przyjaciele wybierają się... na sanki. Nie boją się zimna, wiatru i śniegu po kolana! Wspólnie się bawią – wdrapują się na górkę, zjeżdżają, grają w hokeja na lodzie, lepią bałwana i rzucają się śnieżkami.

 Książka z pewnością zachwyci małych czytelników, którzy wraz kotką i innymi bohaterami przyjemnie spędzą zimowy czas. Pobawcie się razem z nimi, a mróz nie będzie wam straszny!                                         ",media/5c77eb7e556fc.jpg,"7,18"
"Rozmowy z przyjaciółmi","[SALLY ROONEY]","Powieść jednej z najważniejszych współczesnych pisarek i autorka świetnie przyjętej w Polsce powieści „Normalni ludzie”!

 Mieszkająca w Dublinie Frances ma dwadzieścia jeden lat i chłodny umysł obserwatorki. Jest studentką i początkującą pisarką; ze swoją najlepszą przyjaciółką i byłą dziewczyną Bobbi występuje na slamach poetyckich. Przypadkowa znajomość z Melissą, popularną dziennikarką, której mąż Nick jest aktorem, otwiera im drzwi do świata pięknych domów, hałaśliwych przyjęć i wakacji w Bretanii. Gdy Frances i Nick niespodziewanie zbliżają się do siebie, błyskotliwa i stroniąca od uczuć Frances musi po raz pierwszy zmierzyć się ze swoimi słabościami.                                         ",media/5ffc9468929fe.jpg,"35,08"
"Straszny kraj","[Keith Gessen]","                                     Fantastyczny portret współczesnej Rosji oczami emigranta, który wraca do Moskwy, żeby zaopiekować się babcią.Współczesna powieść o Rosji i Ameryce, o tym, gdzie kończy się polityczny protest a zaczyna życiowy kompromis - lekka i zabawna, ale bardzo ważna.Gdy starszy brat Andreja Kaplana, Dima, naciska, żeby ten wrócił do Moskwy i zaopiekował się podupadającą na zdrowiu babcią, Andrej musi porzucić swoje życie w Nowym Jorku. To o tyle łatwiejsze, że jego dziewczyna przestała odpowiadać na wiadomości, a promotor doktoratu ze slawistyki raczej nie roztacza przed nim perspektyw jakiejkolwiek sensownej pracy. Jest lato 2008, stan konta Andreja systematycznie topnieje, więc ten szybko uznaje, że parę miesięcy w Moskwie to może faktycznie to, czego w tej chwili potrzebuje. Podnajmuje więc swoje lokum na Brooklynie, pakuje sprzęt do hokeja i przeprowadza się do mieszkania, które jego babka dostała w prezencie od Stalina. Mieszkająca w nim 90-latka czuje się samotna, bo przeżyła i męża, i niemal wszystkich swoich przyjaciół. Przetrwała też trudne czasy komunizmu i była świadkiem agresywnych kapitalistycznych przemian, w wyniku których straciła swą ukochaną daczę.                                 ",media/601a6e1486afb.jpg,"24,99"
"Kicia Kocia i Nunuś. Kto mieszka w lesie?","[Anita Głowińska]","                                     Trzecia kartonowa książka o Kici Koci i Nunusiu z otwieranymi okienkami. Tym razem jest ich 38. Każde kryje coś intrygującego, ponieważ Kicia Kocia i Nunuś wybrali się na ciekawą wycieczkę do lasu. Będą poznawać jego mieszkańców, a na koniec Kicia Kocia przygotowała dla braciszka niespodziankę. Przyłączysz się?
  
  Kicia Kocia to seria książeczek stworzona z myślą o najmłodszych: 2-4-latkach. Opowiada o rezolutnej kotce i jej przyjaciołach. Wspólnie z Kicią Kocią dziecko odkrywa świat i uczy się, jak poruszać się w codziennym życiu. Serię polecamy małym czytelnikom – od 2. roku życia.                                 ",media/6058825723330.jpg,"18,67"
"Gdzie w Polsce na weekend","[Katarzyna Węgrzyn]","Fascynuje mnie Polska

 Od lat robiłam mnóstwo notatek na temat różnych ciekawych miejsc w Polsce, które chciałabym odwiedzić i które pokazywałam na swoim blogu i Instagramie. To zarówno parki rozrywki, znane zamki i wielkie aglomeracje, jak i jaskinie, lochy, piękne formacje skalne czy małe miasteczka.

 Chciałabym zarazić Was podróżowaniem po Polsce i poznawaniem jej zakątków – równie pięknych, niezwykłych i zaskakujących jak cuda natury i architektury, które jeździmy podziwiać do innych krajów.

 Ta książka zawiera pomysły i ciekawostki dotyczące atrakcji w każdym województwie w Polsce. Dzięki poglądowym mapom pogrupowane i opracowane są tak, by przypadkiem nie przegapić wartych zobaczenia, a leżących koło siebie miejsc. Informacje o tym, gdzie można przyjechać z psem albo które trasy da się przejść z wózkiem dziecięcym, pozwolą idealnie dopasować cel podróży do oczekiwań oraz oszczędzić rozczarowań i frustracji. Nawet jeśli zdecydujecie się ruszyć na weekend w drugą część Polski dopiero w piątek rano, zupełnie nie znając okolic, w które się wybieracie, ta książka pomoże Wam odpowiednio zaplanować wyjazd. I na pewno nie pozwoli Wam się nudzić!

 Mam nadzieję, że dzięki temu, co tu znajdziecie, wybierzecie się w podróż po naszym kraju, z której wrócicie odmienieni.                                          ",media/603d2e47ec358.jpg,"36,32"
"Rok 1000. Jak odkrywcy połączyli odległe zakątki świata i rozpoczęła się globalizacja","[Valerie Hansen]","Fascynująca opowieść o zapomnianych odkrywcach i wyprawach, które zmieniły świat!

 Dlaczego na malowidłach ściennych w świątyni Majów w Chichén Itzá w Meksyku widnieją tajemniczy blondyni? Czy ideę nowoczesnej wymiany handlowej Afryka zawdzięcza Arabom i Europejczykom? Kto odkrył Nową Zelandię?

 Na te i na wiele innych pytań odpowiada przełomowa praca Valerie Hansen, sławnej profesor Uniwersytetu Yale, która pokazuje, że już pod koniec pierwszego tysiąclecia naszej ery śmiałe wyprawy handlowe połączyły ze sobą najważniejsze kultury świata, a odważni odkrywcy rozpoczęli eksplorację planety.

 Ten fascynujący obraz pierwszych, nie zawsze przebiegających pokojowo spotkań przedstawicieli odmiennych społeczeństw skłania do przemyślenia wszystkiego, co – jak się wydawało – wiadomo na temat kształtowania się współczesnego świata.                                         ",media/601aaf1ad55a5.jpg,"31,72"
"Dziennik utraconej miłości","[Eric-Emmanuel Schmitt]","Najbardziej osobista książka Érica-Emmanuela Schmitta, autora Oskara i pani Róży

 Moja matka nie chciała, żebym tylko żył, chciała, żebym był szczęśliwy.

 Mam wobec niej obowiązek szczęścia.

 Schmitt, mierząc się ze śmiercią najukochańszej matki, po raz pierwszy wpuszcza nas tak głęboko do swojego świata i dzieli się najbardziej intymnymi uczuciami oraz doświadczeniami.

 I tak jak wcześniej Oskar – bohater uwielbianej przez czytelników powieści – pisał listy do Pana Boga, by przygotować się na nadejście nieuchronnego, tak teraz sam autor mierzy się z utratą najbliższej osoby, przelewając swoje myśli na karty książki.

 Dziennik utraconej miłości to poruszające świadectwo podróży w głąb siebie, a zarazem uniwersalna opowieść o czułej relacji matki i syna – relacji pełnej miłości, która nie kończy się, nawet gdy tej najbliższej osoby już nie ma.                                           ",media/60098b28e0423.jpg,"30,50"
"Beata Tyszkiewicz. Portret damy","[ANNA AUGUSTYN-PROTAS]","Jaka ona jest? Pamiętam, jak pytałam o to przypadkowe osoby. Zawsze pojawiał się zachwyt – że piękna, że z klasą i że ma cudowne poczucie humoru. Zdumiewało mnie, jak żywe reakcje i jaką czułość wywołuje w innych kobietach.

 Ale prawdziwie zaskakujące okazały się rozmowy z jej znajomymi. Powszechnie znany portret wielkiej damy nabrał dodatkowego kolorytu. Postać z niego okazała się nadspodziewanie barwna. Nieszablonowa. A do tego jej fascynujące życie samo mogłoby być kanwą dla filmowego scenariusza.

 Ta książka to nie jest typowy, biograficzny zapis faktów z życia słynnej aktorki. To opowieść rozpisana na głosy. Nieznane dotąd fakty przytaczają między innymi Daniel Olbrychski, Juliusz Machulski, Hanna Bakuła czy Iwona Pavlovič. Przypominają zdarzenia, obrazy i słowa, które rzucają nowe światło na tę niezwykłą osobę. Kobietę, która dostała od losu urodę i talent. Ale – proszę mi wierzyć – nie tylko to.                                         ",media/5f9185f63d335.jpg,"32,29"
"Bitwa braci. William, Harry i historia rozpadu rodziny Windsorów","[Robert Lacey]","                                     Ci dwaj chłopcy dorastali na oczach całego świata: William i Harry, synowie księżnej Diany i księcia Karola. Każdy krok w ich życiu, każda tragedia – poczynając od śmierci matki - każdy romans i każda zdrada były opisywane, analizowane, komentowane przez nie zawsze przyjazne im media całego świata. Chociaż obydwaj naznaczeni błogosławionym na raz i przeklętym losem królewskich dzieci, każdy z nich idzie swoją drogą. William coraz doskonalej wpasowuje się w rolę dziedzica tronu. Harry wraz ze swoją żoną Megan podjęli decyzję o rezygnacji z przywilejów i obowiązków członków rodziny królewskiej.
  
  Jak wygląda ich braterstwo błękitnej krwi? Jest naznaczone bliskością i wsparciem czy też charakterologicznymi różnicami i konfliktem. Czy między Williamem i Harrym panuje wojna, czy pokój? Na to pytanie odpowiada najwybitniejszy znawca tematu, kronikarz współczesnych losów rodziny królewskiej, historyczny konsultant słynnego serialu „The Crown” Robert Lacey.                                 ",media/604b2d220ec70.jpg,"32,95"
"Lady M. wyd. 2","[Ałbena Grabowska]","Fascynująca podróż po mrocznych zakamarkach kobiecej duszy Lady M.,  kolejna książka nowej królowej literatury kobiecej – Ałbeny Grabowskiej – to opowieść o małżeństwie, którego życie zmierza ku nieuchronnej katastrofie. Chorobliwie ambitna żona i mąż, który nie dojrzał do roli głowy rodziny, od długiego czasu toczą grę pozorów, by zachować kontrolę nad wspólnym życiem. Jednak tłumione od lat uczucia muszą znaleźć ujście. Tragedia wisi w powietrzu. Kto zapłaci za popełniony błąd?

 Ałbena Grabowska

 Popularna i ceniona pisarka, która swoje niezwykłe imię, oznaczające kwitnącą jabłoń, zawdzięcza bułgarskim korzeniom. Z wykształcenia lekarka, doktor nauk medycznych ze specjalizacją w neurologii i epileptologii. Popularność wśród czytelników zawdzięcza przede wszystkim bestsellerowej sadze Stulecie Winnych. Potencjał tej epickiej opowieści dostrzegli również filmowcy i w 2018 roku rozpoczęto realizację serialu w gwiazdorskiej obsadzie. Na antenie TVP zostały wyemitowane już dwie 13-odcinkowe serie, a kolejną, trzecią, widzowie będą mogli obejrzeć wiosną 2021 roku. Prócz Stulecia Winnych spod pióra Ałbeny Grabowskiej wyszły, m.in. trylogia Alicja w krainie czasów, kryminał Ostatnia chowa klucz, książka Tam, gdzie urodził się Orfeusz oraz wciągające powieści Lot nisko nad ziemią, Coraz mniej olśnień i Lady M. (Wydawnictwo Zwierciadło). Mieszka z trójką dzieci oraz trzema kotami w Brwinowie.                                         ",media/601a600418840.jpeg,"24,17"
"Kroniki zbrodni. Tajemnicze zaginięcia, seryjni mordercy, sprawy, których do dziś nie udało się wyjaśnić...","[Monika Całkiewicz,Robert Ziębiński]","Najbardziej wstrząsające zbrodnie ostatnich lat w Polsce

 Monika Całkiewicz jako prokurator przez lata badała motywy sprawców zabójstw i analizowała sposoby ich działania. W rozmowie z Robertem Ziębińskim odsłania kulisy spraw kryminalnych, które wstrząsnęły Polską XXI wieku. Spraw, o których słyszał każdy, ale i tych nieujawnianych przez lata. Krok po kroku analizuje przebieg zbrodni, pokazuje metody pracy organów ścigania i wyłapuje momenty, kiedy śledztwo mogło przybrać zupełnie inny obrót…

 Jak zmieniły się metody pracy policji i prokuratury na przestrzeni lat? Ile dzieli stalkera od wyrafinowanego mordercy? Jak duży wpływ na przebieg śledztwa mają media? I czy zabójca naprawdę jest w stanie zatuszować wszystkie ślady?

 Kroniki zbrodni to nie tylko mrożące krew w żyłach historie kryminalne, ale również dowód na to, że zło drzemiące w człowieku jest bliżej, niż nam się wydaje.

 Monika Całkiewicz – polska prawniczka, była prokurator, obecnie radczyni prawna i profesor w Akademii Leona Koźmińskiego w Warszawie. Ekspertka w dziedzinie kryminalistyki oraz postępowania karnego. Współautorka książki Zbrodnia prawie doskonała.

 Robert Ziębiński – dziennikarz, pisarz. W latach 2017–2019 redaktor naczelny „Playboya”. Publikował w „Tygodniku Powszechnym”, „Przekroju”, „Wprost”, „Polityce” i „Newsweeku”. W 2019 roku ukazała się jego książka poświęcona twórczości Stephena Kinga Stephen King. Instrukcja obsługi. Autor powieści sensacyjnych, kryminałów (Lockdown, Zabawka), horrorów (Dzień wagarowicza) oraz kontrowersyjnej książki o branży pornograficznej Porno. Jak oni to robią?

                                              ",media/5fda4da9ec4d9.jpg,"27,88"
"Ekspres na stacji. Jano i Wito uczą mówić","[Przemysław Liput,Wiola Wołoszyn]","                                     Jano i Wito, do tej pory znani z bestsellerowych książek kartonowych dla najmłodszych czytelników, teraz w nowej odsłonie!Cała rodzina rusza w podróż. Jadą na stację, aby wsiąść do pociągu. „Ekspres na stacji” to książka, która nie tylko pomoże nieco starszym dzieciom ćwiczyć wymowę głoski „s”, ale i nauczy, co robić, jeśli niespodziewanie stracą rodziców z oczu.Książka idealna dla starszych przedszkolaków.                                 ",media/600f091b2bc2f.jpg,"19,88"
"To, co najważniejsze","[Józef Tischner]","                                     Zbiór 21 tekstów Tischnera na XXI wiek.
  
  „Z myśleniem jest tak jak z chodzeniem: najpierw człowiek trzyma się ręki matki, a potem odkrywa, że już sam potrafi.""
  - ks. Józef Tischner
  
  Dla wielu słuchaczy i czytelników ks. Józef Tischner stał się właśnie takim przewodnikiem. Miał on w sobie niezwykły dar przyciągania ludzi. Przez swoje teksty nadal uczy nas patrzenia na świat, w którym sprzeczności nie znikają, ale mogą się harmonizować. Skłania do refleksji nad tym, co jest naprawdę ważne. Przekonuje, dlaczego należy dbać o wolność i jak z niej mądrze korzystać.
  
  Wojciech Bonowicz dokonał wyboru najważniejszych i najbardziej aktualnych tekstów ks. Tischnera, które pomagają rozumieć otaczającą nas rzeczywistość.                                 ",media/60098b752929d.jpg,"32,68"
"Wykończ tę książkę. Jak zakumplować się z książką z obrazkami","[Keri Smith]","                                     Mamy dosyć sztywnych reguł dotyczących czytania!
  
  - nie zaginać rogów, z książką obchodzić się ostrożnie, czytać po cichu – co za nuda!
  
  A gdyby tak stworzyć całkiem nowe zasady ?
  - potrząśnij książką!   
  - daj jej prztyczka! 
  - powąchaj ją!	
  - przytul !
  - spróbuj czytać ją do góry nogami! 
  
  Przecież książka to PRZYGODA i FRAJDA
  Keri Smith pomogła tysiącom ludzi na całym świecie wyzwolić kreatywność i odkryć nowe sposoby kontaktu z książką. Teraz autorka chce zaszczepić tę wrażliwość dzieciom i pomóc im bez kompleksów i uprzedzeń wejść w świat czytelnictwa.
  
  Wykończ tę książkę to zachęta do wiary we własne pomysły i otwarcia się na niedoskonałości. Pokazuje, że czytanie to wielka frajda i zabawa wszystkimi pięcioma zmysłami, a twórczy czytelnik lub czytelniczka jest najlepszym, co może przydarzyć się książce. 
  Bez nich, książka nigdy nie będzie wykończona…
  
  Keri Smith - jest autorką, ilustratorką i artystką, najbardziej rozpoznawalną za sprawą sprzedanej w kilku milionach egzemplarzy książki pt.  „Zniszcz ten dziennik”. Inne jej tytuły, to między innymi: „Zniszcz ten dziennik wszędzie”, „Łowca skarbów”, „Bałagan”, „Fantastyczny świat”. Prowadzi warsztaty kreatywne w oparciu o własne książki, ilustrowała też dla wielu czasopism, w tym dla „Washington Post” i „New York Times”. Lubi spędzać czas na zabawie z mężem i synem i dzieli swój czas między zachodnie Massachusetts i kanadyjską wioskę.                                 ",media/6051f03b5138d.jpg,"26,36"
"Przy stole z Hitlerem","[Rosella Postorino]","                                     Rodzice 26-letnej Rosy Sauer odeszli, a jej mąż Gregor walczy na wojenie. Zubożała i samotna podejmuje decyzję opuszczenia rozdartego wojną Berlina, by zamieszkać z teściemi na wsi. Wydaje jej się, że znajdzie tam schronienie. Pewnego ranka do ich dzwi pukają esesmani, aby oznajmić jej, że została powołana do bycia testerką Hitlera: trzy razy dziennie, ona i dziewięć innych kobiet udają sie do tajnej siedziby Hitlera w Wilczym Szańcu, aby próbować jego potraw, zamin on to zrobi.Zmuszone do jedzenia tego, co mogłoby je zabić, degustatorki zaczynają dzielić sie na dwie grupy: fanatyczki lojalne Hitlerowi oraz kobiety takie, jak Rosa upierające się, że nie są nazistkami, pomimo tego, że każdego dnia ryzykują własne życei dla Hitlera. W pewnym monęcie wszyscy zaczynają się zastanawiać, czy stoją po złej stronie historii.                                 ",media/5d2ea6962c1e3.jpg,"29,33"
"Miasteczko morderców. Róża Krull na tropie. Tom 4","[Alek Rogoziński]","                                     Popularna autorka powieści kryminalnych Róża Krull postanawia spełnić prośbę swojej gosposi i spróbować rozwiązać zagadkę morderstwa burmistrza w jej rodzinnym miasteczku na Podlasiu. Obie nie wierzą bowiem, aby został on zabity przez swojego niedoszłe - go zięcia, choć chłopaka złapano na gorącym uczynku.  Róża rozpoczyna amatorskie śledztwo w mieścinie, w której każdy wie „wszystko o wszystkich”, a mimo to wierzy, że akurat jemu uda się ukryć przed innymi własne, nieraz śmiertelne grzechy. Kiedy wydarza się kolejne morderstwo, pisarka jest pewna, że przyjęta do tej pory przez policję wersja wydarzeń mija się z prawdą. Pytanie tylko, czy zdoła odkryć tożsamość zabójcy, zanim ten wyśle ją na tamten świat...  „Miasteczko morderców” to osiemnasta powieść Alka Rogozińskiego – autora znanego z łączenia klasycznych fabuł kryminalnych z dużą dawką czarnego humoru.                                 ",media/6005cf122a77a.jpg,"24,99"
"Opowieści o nadziei","[Heather Morris]","                                     Każde - najbardziej zwykłe, codzienne spotkanie - może przynieść coś, co zmieni nasze życie.
  
  Kiedy Heather Morris wysłuchała wspomnień Lalego Sokołowa - tatuażysty z Auschwitz - i postanowiła przenieść je na papier, nie spodziewała się, że ta historia porwie miliony osób na świecie: młodych i starych, a jej przyniesie międzynarodową sławę. I że pozwoli opowiedzieć nie mniej ważną historię Cilki - najdzielniejszej osoby, z jaką zetknął się Lale. W swojej najnowszej książce Heather opowiada o serdecznej przyjaźni z Lalem: o tym, jak się poznali i jak zaufali sobie na tyle, by zwierzył się jej z tego, o czym milczał od czasu zakończenia II wojny światowej. I jak zmieniło to ich oboje.
  
  Umiejętność słuchania i dotarcia do drugiej osoby to nie tylko przepis na światowy sukces wydawniczy, ale przede wszystkim ważna życiowa lekcja, której wszyscy potrzebujemy. W serii inspirujących rozdziałów Morris opowiada zarówno o osobach, z którymi pracowała i których historie spisywała, jak i o swojej rodzinie: pełnych miłości relacjach z Dziadkiem, ale także ucieczce z domu oraz trudnych kontaktach z matką. 
  
  Opowieści o nadziei to przede wszystkim pochwała życia i zacieśniania więzi.
  
  Heather Morris pochodzi z Nowej Zelandii, a obecnie mieszka w Australii. Pracując w szpitalu w Melbourne, przez kilka lat czytała i pisała scenariusze. W 2003 roku spotkała starszego pana, który „miał historię wartą opowiedzenia&quot;. W miarę, jak rozwijała się ich przyjaźń, Lale Sokołow otwierał przed nią najgłębsze zakamarki duszy, powierzając jej tajemnice życia w czasach Zagłady. Powieści Tatuażysta z Auschwitz i Podróż Cilki stały się bestsellerami wszędzie, gdzie się ukazały.
                                   ",media/601a6d9c8846e.jpg,"24,40"
"Niedźwiedź, pianino, pies i skrzypce","[DAVID LITCHFIELD]","Co my zrobimy, Hugo? – zapytał Hektor, gdy wracali do domu. – Moje występy już nikogo nie obchodzą. Kto by chciał słuchać starego skrzypka, kiedy może obejrzeć koncert niedźwiedzia grającego na pianinie?

 Hektor i jego pies Hugo wspierali się nawzajem i wspólnie tworzyli muzykę od lat. Lecz gdy Hugo uczy się gry na skrzypcach i otrzymuje szansę zagrania w zespole niedźwiedzia, Hektor staje się bardzo zazdrosny. Czy będzie w stanie przełknąć dumę i cieszyć się z sukcesu przyjaciela?

 Wyjątkowa opowieść o sile przyjaźni i spełnianiu marzeń. Kontynuacja książki Niedźwiedź i pianino, nagrodzonej w 2016 roku Waterstone’s Children’s Book Prize w kategorii najlepsze ilustracje.                                         ",media/601aafbc1ab4d.jpg,"20,20"
